[{"model": "core.diario", "pk": 1, "fields": {"created_at": "2025-12-01T06:16:30.852Z", "updated_at": "2025-12-01T16:49:35.979Z", "is_active": true, "nombre": "Diario 0", "sinopsis": "Se describe el origen de la historia, fundada en el pasado de Marcus y su aportación a la compañía de Ultragen.", "ruta_img": "diarios/diario0.png", "orden": 1}}, {"model": "core.diario", "pk": 2, "fields": {"created_at": "2025-12-01T06:16:44.291Z", "updated_at": "2025-12-01T16:49:35.981Z", "is_active": true, "nombre": "Diario 1", "sinopsis": "Monserrat adolescente", "ruta_img": "diarios/diario1.png", "orden": 2}}, {"model": "core.diario", "pk": 3, "fields": {"created_at": "2025-12-01T06:16:55.960Z", "updated_at": "2025-12-01T16:49:35.983Z", "is_active": true, "nombre": "Diario 2", "sinopsis": "Monserrat universitaria.", "ruta_img": "diarios/diario2.png", "orden": 3}}, {"model": "core.diario", "pk": 4, "fields": {"created_at": "2025-12-01T06:17:05.687Z", "updated_at": "2025-12-01T16:55:31.428Z", "is_active": true, "nombre": "Diario 3", "sinopsis": "Amazon", "ruta_img": "diarios/diario3.png", "orden": 4}}, {"model": "core.diario", "pk": 5, "fields": {"created_at": "2025-12-01T06:17:13.463Z", "updated_at": "2025-12-01T16:55:31.426Z", "is_active": true, "nombre": "Diario 4", "sinopsis": "Esposa", "ruta_img": "diarios/diario4.png", "orden": 5}}, {"model": "core.tomo", "pk": 1, "fields": {"created_at": "2025-12-01T06:24:22.196Z", "updated_at": "2025-12-01T19:33:59.339Z", "is_active": true, "diario": 1, "nombre": "Tomo 1", "sinopsis": "Monserrat es una hermosa jovencita universitaria, que rápidamente comienza a destacar en las asignaturas más complejas, pero también en el deporte. En su primera semana en la universidad conoce a Henry, con quien se descubrirá a si misma.", "ruta_img": "", "orden": 1}}, {"model": "core.tomo", "pk": 2, "fields": {"created_at": "2025-12-01T06:24:47.731Z", "updated_at": "2025-12-01T16:55:45.993Z", "is_active": true, "diario": 3, "nombre": "Tomo 1", "sinopsis": "Monserrat es una hermosa jovencita universitaria, que rápidamente comienza a destacar en las asignaturas más complejas, pero también en el deporte. En su primera semana en la universidad conoce a Henry, con quien se descubrirá a si misma.", "ruta_img": "", "orden": 2}}, {"model": "core.capitulo", "pk": 1, "fields": {"created_at": "2025-12-01T17:37:02.788Z", "updated_at": "2025-12-01T18:52:53.468Z", "is_active": false, "tomo": 1, "nombre": "Capitulo 2", "sinopsis": "", "orden": 2, "contenido": "UltraGen es una megacorporación internacional dedicada a la trata de blancas de lujo. \n[img: /media/capitulos/extras/1.jpeg]\nLa compañía es enigmática en muchos sentidos: no se conoce un país de ubicación, no se conocen nombres de agentes capturados, no se tienen rastros certeros de sus acciones o paradero, y la única información de sus pasos aparece en la Deep Web. La falta de información solo aumentaba su misterio, y su siniestro comercio continuaba, protegido por un muro de silencio y miedo. Una leyenda urbana que parecía demasiado terrible para ser real. Lo único cierto, es que su presencia allí donde se aloja es un malévolo inquilino que atrae las almas más repudiables hacia el corazón de la ciudad.\n\nCada año, en una subasta clandestina, presentan una nueva creación: una mujer cyborg, perfecta en su diseño y aterradora en su propósito. \n[img: /media/capitulos/extras/6.png]\nEl chip UltraGen era su obra maestra, un dispositivo que robaba toda humanidad, dejando a estas mujeres sin alma, listas para ser vendidas al mejor postor. \n[img: /media/capitulos/extras/2.png]\nLos compradores eran los hombres más poderosos y corruptos, dispuestos a pagar sumas exorbitantes por el control absoluto que UltraGen ofrecía. La ética parece lejana mientras  UltraGen prospera. Las miserables ciudades por donde la compañía se aloja se impregnan del temor y respeto de los círculos más oscuros del crimen y la corrupción.\n\nEn el año 2000, la subasta clandestina vino acompañada de una misteriosa publicación en la red social Susurros, de la Deep Web. \n[img: /media/capitulos/extras/8.png]\nEl mensaje, proveniente de una cuenta sin publicaciones anteriores, apareció en la madrugada, un mensaje fugaz que solo duró 6 segundos en línea y fue borrado sin dejar rastros en las bases de datos de los servidores. No tenía título, solo un cuerpo. Desde las entrañas de la clandestinidad de la Deep Web, con un susurro de perversidad y control se leyó: '\n\n\"Una nueva era ha llegado. El nacimiento de la primera mujer creada genéticamente, a partir de un masculino irlandés y femenino ruso, que aportan su genética de clones, para formar un ser 100% biológico. Gracias a la bioingeniería, nuestra creación tendrá potenciadores anatómicos, contará con conciencia propia y sentimientos originales. ¿Su objetivo? asegurar el extremo placer de su dueño. Sus habilidades fisiológicas incluyen:\n\nMultiorgasmia: adaptada biológicamente con control interno de orgasmos. Cada orgasmo es un evento repetitivo, sucediendo uno tras otro. Incluso pudiendo ser invocados por voz. El modo frenético generará en ella una cola de orgasmos parcialmente superpuestos. que la llevarán a un colapso nervioso destructivo, provocando contorsiones acompañado de una explosión de líquidos vaginales en forma chorros.\n\nPlacer sexual progresivo por sumisión y directamente proporcional al dolor físico o tortura: Cada acto de sumisión y dolor físico infligido intensifica exponencialmente su placer sexual, el chip de control devuelve una respuesta sensorial ante el sufrimiento, la dominación o incluso la tortura. Incluso podrás quebrar sus piernas con un bate de béisbol y notar como se inclina a su oído para decirte: “te amo”.\n\nLubricación vaginal ilimitada: Su cuerpo está equipado con un sistema de lubricación que asegura una receptividad constante y sin límites, facilitando la penetración sin fricción. En caso de que este atributo no sea de tu agrado el chip de control posee control de detención por voz.\n\nIncorporación de tejidos nerviosos en el recto: posee una red de tejidos nerviosos en el recto, diseñada para maximizar la sensibilidad y el placer ante estímulos específicos. El sistema de grumos en su interior está pensado para estimulación inteligente: rozando, apretando, masajeando y succionando a su invasor.\n\nMusculatura vaginal: las paredes vaginales se ajustan dinámicamente para adaptarse al ritmo y profundidad de la penetración, optimizando el placer y asegurando una experiencia satisfactoria. No importa el tamaño del pene, su chip interno calculará la profundidad, presión y ritmo necesarios, luego su vagina procederá a envolver firmemente a su dueño para iniciar un masaje del miembro usando sus músculos vaginales, aplicando diferentes movimientos y presión. Adicionalmente podrás comprimir la profundidad de su útero a voluntad, para que vivas el placer de golpear el fondo del útero con toda tu fuerza!\n\nAjuste automático y presión de succión en el recto: su recto responde automáticamente, ajustando la presión y la succión para maximizar el placer del penetrador.\n\nEste sistema asegura una experiencia satisfactoria y adaptable a las preferencias individuales, sin necesidad de intervención manual. \n\nRegeneración física por heridas, cortes o mutilaciones: equipada con capacidades regenerativas avanzadas, puede curarse rápidamente de cualquier daño físico. Este atributo garantiza una disponibilidad continua para el placer, sin los límites de la mortalidad, asegurando una experiencia sin interrupciones ni preocupaciones por lesiones.\n\nLa entrega al comprador incluirá nuevo Super UltraGen Chip 1.1 para el control de voluntad. Nombre del prototipo: Monserrat. Fecha de venta: 2020. UltraGen.\"", "pais": "Argentina", "ciudad": "Córboba", "anio": "2000", "ruta_img": "", "romance": false, "risas": false, "lagrimas": false, "violencia": false, "peligro": false, "armas": false, "sexo": false, "eventos": false, "es_demo": true}}, {"model": "core.capitulo", "pk": 2, "fields": {"created_at": "2025-12-01T19:17:20.894Z", "updated_at": "2025-12-01T19:36:48.613Z", "is_active": false, "tomo": 2, "nombre": "Mi primera semana en la universidad", "sinopsis": "", "orden": 1, "contenido": "Es el tercer día de clases en la universidad. La mañana es fresca, el sol cae dorado sobre las ventanas y una brisa suave entra desde el patio central. La juventud está en el aire, mezclada con el ruido de mochilas, voces y hojas que se mueven. En el aula de introducción al cálculo diferencial, los alumnos escuchan a medias mientras el profesor escribe en el pizarrón. \r\n\r\nEntre ellos está Monserrat. Sentada cerca del pizarrón, mantiene la espalda recta y el cabello color arena cae sobre su hombro derecho. Lleva aros hoop que brillan cuando gira la cabeza, los ojos claros y una piel limpia, con un aire de calma que destaca entre el desorden general. \r\n\r\nSu presencia es imposible de ignorar por sus compañeros masculinos, que posan su mirada en ella y le platican buscando conocerla, saber de dónde viene, como se llama y que piensa.\r\n\r\nEl profesor la llama al frente para resolver un ejercicio. Ella se levanta, camina con paso seguro, toma el marcador y empieza a escribir. Su letra es firme y ordenada. Mientras explica, mira a sus compañeros con una sonrisa natural y ojos que parecen brillar por dentro. \r\n\r\nTermina el desarrollo sin titubeos, borra parte del pizarrón, deja el marcador en el escritorio y vuelve a su asiento. El profesor asiente en silencio. \r\n\r\nAl mediodía, Monserrat entra al gimnasio del campus y se dirige al camerino donde se viste con un leotardo naranja apretado a su torso y entallado en los glúteos. Luego amarra su cabello una mientras conversa con las chicas que observan con curiosidad el brillo dorado que desprende. \r\n\r\nSu figura se marca con claridad: hombros definidos, piernas largas y firmes, cintura ajustada. Calienta con algunos estiramientos, luego se acerca a la zona de pesas. Los demás entrenan, pero varios se detienen cuando ella se coloca frente al banco de fuerza.\r\n\r\nMonserrat acomoda la barra y empieza a cargar los discos. \r\n\r\nLuego de calentar introduce cien kilos por lado, luego más, hasta que el total supera los quinientos kilos. Se agacha, toma aire y empuja con facilidad. La barra sube. Un grupo de chicos cerca deja de hablar. Ella repite el movimiento una y otra vez, sin esfuerzo visible. La respiración es constante, los brazos tensos, el cuerpo entero bajo control. Termina la serie, deja la barra con un golpe seco y se sienta. Nadie dice nada, pero todos la miran.\r\n\r\nAlgunos se acercan disimuladamente para revisar los números del peso. No lo creen. \r\n\r\nDesde esa semana los rumores habían empezado a correr por el gimnasio y luego por todo el campus...todos hablan de la chica del leotardo que levantaba media tonelada como si nada.", "pais": "Argentina", "ciudad": "Buenos Aires", "anio": "2005", "ruta_img": "", "romance": true, "risas": false, "lagrimas": false, "violencia": false, "peligro": false, "armas": false, "sexo": false, "eventos": false, "es_demo": true}}, {"model": "core.capitulo", "pk": 3, "fields": {"created_at": "2025-12-01T19:17:53.810Z", "updated_at": "2025-12-01T19:32:41.876Z", "is_active": false, "tomo": 2, "nombre": "Hoy conocí a Henry", "sinopsis": "", "orden": 2, "contenido": "", "pais": "Argentina", "ciudad": "Córdoba", "anio": "2005", "ruta_img": "", "romance": true, "risas": true, "lagrimas": false, "violencia": false, "peligro": false, "armas": false, "sexo": false, "eventos": false, "es_demo": true}}, {"model": "core.capitulo", "pk": 4, "fields": {"created_at": "2025-12-01T19:18:09.326Z", "updated_at": "2025-12-01T19:32:54.187Z", "is_active": false, "tomo": 2, "nombre": "Me gustas...¿que me pasa?", "sinopsis": "", "orden": 3, "contenido": "", "pais": "Argentina", "ciudad": "Córdoba", "anio": "2005", "ruta_img": "", "romance": true, "risas": true, "lagrimas": false, "violencia": false, "peligro": false, "armas": false, "sexo": false, "eventos": false, "es_demo": true}}, {"model": "core.capitulo", "pk": 5, "fields": {"created_at": "2025-12-01T19:18:30.985Z", "updated_at": "2025-12-01T19:33:08.639Z", "is_active": false, "tomo": 2, "nombre": "Lo siento...te extrañé.", "sinopsis": "", "orden": 4, "contenido": "", "pais": "Argentina", "ciudad": "Córdoba", "anio": "2005", "ruta_img": "", "romance": true, "risas": false, "lagrimas": false, "violencia": false, "peligro": false, "armas": false, "sexo": false, "eventos": false, "es_demo": true}}, {"model": "core.capitulo", "pk": 6, "fields": {"created_at": "2025-12-01T19:19:26.880Z", "updated_at": "2025-12-01T19:33:18.488Z", "is_active": false, "tomo": 2, "nombre": "Henry y Monserrat", "sinopsis": "", "orden": 5, "contenido": "", "pais": "Argentina", "ciudad": "Córdoba", "anio": "2005", "ruta_img": "", "romance": true, "risas": false, "lagrimas": false, "violencia": false, "peligro": false, "armas": false, "sexo": false, "eventos": false, "es_demo": true}}, {"model": "core.capituloimagen", "pk": 2, "fields": {"created_at": "2025-12-01T18:51:34.271Z", "updated_at": "2025-12-01T18:51:34.271Z", "is_active": false, "capitulo": 1, "ruta": "capitulos/extras/1.jpeg", "tag": "1.jpeg", "es_demo": true}}, {"model": "core.capituloimagen", "pk": 3, "fields": {"created_at": "2025-12-01T18:51:38.840Z", "updated_at": "2025-12-01T18:51:38.840Z", "is_active": false, "capitulo": 1, "ruta": "capitulos/extras/2.png", "tag": "2.png", "es_demo": true}}, {"model": "core.capituloimagen", "pk": 4, "fields": {"created_at": "2025-12-01T18:51:41.518Z", "updated_at": "2025-12-01T18:51:41.518Z", "is_active": false, "capitulo": 1, "ruta": "capitulos/extras/6.png", "tag": "6.png", "es_demo": true}}, {"model": "core.capituloimagen", "pk": 5, "fields": {"created_at": "2025-12-01T18:51:44.338Z", "updated_at": "2025-12-01T18:51:44.338Z", "is_active": false, "capitulo": 1, "ruta": "capitulos/extras/8.png", "tag": "8.png", "es_demo": true}}, {"model": "core.capituloimagen", "pk": 6, "fields": {"created_at": "2025-12-01T19:36:00.289Z", "updated_at": "2025-12-29T19:52:54.451Z", "is_active": false, "capitulo": 2, "ruta": "capitulos/extras/2_SF4Fqpz.png", "tag": "2.png", "es_demo": false}}, {"model": "core.capituloimagen", "pk": 7, "fields": {"created_at": "2025-12-01T19:36:03.957Z", "updated_at": "2025-12-29T20:03:27.463Z", "is_active": false, "capitulo": 2, "ruta": "capitulos/extras/3.png", "tag": "3.png", "es_demo": false}}, {"model": "core.capituloimagen", "pk": 8, "fields": {"created_at": "2025-12-01T19:36:07.249Z", "updated_at": "2025-12-01T19:36:07.249Z", "is_active": false, "capitulo": 2, "ruta": "capitulos/extras/4.png", "tag": "4.png", "es_demo": true}}, {"model": "core.capituloimagen", "pk": 9, "fields": {"created_at": "2025-12-01T19:36:10.161Z", "updated_at": "2025-12-01T19:36:10.161Z", "is_active": false, "capitulo": 2, "ruta": "capitulos/extras/5.png", "tag": "5.png", "es_demo": true}}, {"model": "core.capituloimagen", "pk": 10, "fields": {"created_at": "2025-12-01T19:36:13.826Z", "updated_at": "2025-12-01T19:36:13.826Z", "is_active": false, "capitulo": 2, "ruta": "capitulos/extras/6_9njKxyI.png", "tag": "6.png", "es_demo": true}}, {"model": "core.capituloimagen", "pk": 11, "fields": {"created_at": "2025-12-01T19:36:16.796Z", "updated_at": "2025-12-01T19:36:16.796Z", "is_active": false, "capitulo": 2, "ruta": "capitulos/extras/6_2.png", "tag": "6_2.png", "es_demo": true}}, {"model": "core.capituloimagen", "pk": 12, "fields": {"created_at": "2025-12-01T19:36:19.867Z", "updated_at": "2025-12-01T19:36:19.867Z", "is_active": false, "capitulo": 2, "ruta": "capitulos/extras/9.png", "tag": "9.png", "es_demo": true}}, {"model": "core.capituloimagen", "pk": 13, "fields": {"created_at": "2025-12-01T19:36:22.948Z", "updated_at": "2025-12-01T19:36:22.948Z", "is_active": false, "capitulo": 2, "ruta": "capitulos/extras/10.png", "tag": "10.png", "es_demo": true}}, {"model": "core.capituloimagen", "pk": 14, "fields": {"created_at": "2025-12-01T19:36:26.183Z", "updated_at": "2025-12-01T19:36:26.183Z", "is_active": false, "capitulo": 2, "ruta": "capitulos/extras/11.png", "tag": "11.png", "es_demo": true}}, {"model": "core.capituloimagen", "pk": 15, "fields": {"created_at": "2025-12-01T19:36:29.622Z", "updated_at": "2025-12-01T19:36:29.622Z", "is_active": false, "capitulo": 2, "ruta": "capitulos/extras/12.png", "tag": "12.png", "es_demo": true}}, {"model": "core.capituloimagen", "pk": 16, "fields": {"created_at": "2025-12-01T19:36:32.753Z", "updated_at": "2025-12-01T19:36:32.753Z", "is_active": false, "capitulo": 2, "ruta": "capitulos/extras/13.jpg", "tag": "13.jpg", "es_demo": true}}, {"model": "core.capituloslap", "pk": 2, "fields": {"created_at": "2025-12-29T20:24:30.077Z", "updated_at": "2025-12-29T20:24:30.077Z", "is_active": false, "capitulo": 2, "ruta": "capitulos/slaps/005_Ln1ywo6.jpeg", "nivel": 1}}, {"model": "core.capitulopista", "pk": 1, "fields": {"created_at": "2025-12-29T20:20:30.741Z", "updated_at": "2025-12-29T20:20:30.741Z", "is_active": true, "capitulo": 2, "titulo": "pista 1", "contenido": "explicacion 1", "orden": 0}}, {"model": "core.capitulopista", "pk": 2, "fields": {"created_at": "2025-12-29T20:20:41.704Z", "updated_at": "2025-12-29T20:20:41.704Z", "is_active": true, "capitulo": 2, "titulo": "pista 2", "contenido": "explicacion 2", "orden": 0}}, {"model": "core.saludoeditora", "pk": 1, "fields": {"created_at": "2025-12-02T06:07:29.251Z", "updated_at": "2025-12-02T06:07:29.251Z", "is_active": false, "contenido": "¡Hola, querido lector ! Bienvenido a \"Las Novelas de Monserrat\", este es un espacio de narraciones ficticias creadas con el único propósito de brindarte momentos de entretenimiento de temáticas maduras. Cada relato es una ventana a mis profundos pensamientos íntimos y sus personajes han sido inventados para encajar de manera compleja al propósito de la historia, siempre asegurando que cualquier parecido con la realidad sea mera coincidencia. Todos los personajes representados en estas historias son personas adultas, diseñados para cautivar tu imaginación.\r\n\r\n\r\nTe advierto que estos relatos pueden incluir contenido sexual explícito y situaciones de violencia física y sexual. Si eres sensible a estos temas, te invito a abandonar el sitio. La finalidad de \"Las Historias de Monserrat\" no es lastimar ni ofender a nadie, sino ofrecer un espacio de exploración creativa para aquellos interesados en estas narrativas.\r\n\r\n\r\nSi gustas y deseas puedes colaborar con la redacción de futuras historias, tu participación es más que bienvenida.\r\n\r\n\r\nNo te vayas sin escribirme algo en el libro de visitas \r\n\r\n\r\nCon cariño,\r\n\r\nMonserrat.", "url_librovisitas": "", "imagen": "saludos/12.1010978d4aa497f4da21.jpeg"}}, {"model": "core.presentacion", "pk": 1, "fields": {"created_at": "2025-12-26T11:01:58.163Z", "updated_at": "2025-12-26T11:01:58.163Z", "is_active": true, "titulo": "ultragen", "descripcion": "video explicar qué es ultragen"}}, {"model": "core.slide", "pk": 1, "fields": {"created_at": "2025-12-26T11:37:02.084Z", "updated_at": "2025-12-27T11:03:36.474Z", "is_active": true, "presentacion": 1, "contenido": "Oficialmente, UltraGen no existe. La compañía opera clandestinamente y la ubicación de sus laboratorios es un secreto celosamente guardado.", "imagen": "slides/introduccion001x.jpg", "orden": 1}}, {"model": "core.slide", "pk": 2, "fields": {"created_at": "2025-12-26T11:37:02.103Z", "updated_at": "2025-12-27T11:04:30.674Z", "is_active": true, "presentacion": 1, "contenido": "Cada miembro de UltraGen es un delincuente, un experto en alguna forma de arte oscuro o ciencia retorcida, todos atraídos por el negocio millonario de la clonación humana.", "imagen": "slides/introduccion009x.jpg", "orden": 2}}, {"model": "core.slide", "pk": 3, "fields": {"created_at": "2025-12-26T11:37:02.105Z", "updated_at": "2025-12-27T11:07:47.095Z", "is_active": true, "presentacion": 1, "contenido": "Los productos de UltraGen son exclusivamente mujeres, diseñadas con un propósito único y siniestro: la venta en subastas clandestinas. Allí, hombres depravados con oscuros deseos las adquieren para la prostitución, explotación sexual, esclavitud y otros destinos inimaginables. Estas creaciones, aunque antificiales, están destinadas a satisfacer los caprichos más oscuros de sus dueños.", "imagen": "slides/introduccion010.jpeg", "orden": 3}}, {"model": "core.slide", "pk": 4, "fields": {"created_at": "2025-12-26T11:37:02.107Z", "updated_at": "2025-12-27T11:08:29.834Z", "is_active": true, "presentacion": 1, "contenido": "Durante años, UltraGen produjo cyborgs mecánicos que imitaban con precisión a los seres humanos reales. Sin embargo, la compañía llevó su tecnología a un nuevo nivel hace solo un año. Lanzaron un prototipo completamente biológico, sin implantes cibernéticos, pero potenciado con avanzadas modificaciones genéticas. Esta unidad, creada a partir de los genes de actrices atractivas, bailarinas gráciles y deportistas de élite, fue codificada como M1 y recibió el nombre de Monserrat.", "imagen": "slides/introduccion004.jpg", "orden": 4}}, {"model": "core.slide", "pk": 5, "fields": {"created_at": "2025-12-26T11:37:02.108Z", "updated_at": "2025-12-27T11:08:55.628Z", "is_active": true, "presentacion": 1, "contenido": "Monserrat tiene un cuerpo bio-modificado diseñado para la perfección femenina. Sus tecnologías biológicas avanzadas incluyen la capacidad de inducir multiorgasmos mediante microfibras nerviosas sensibles que amplifican el estímulo. También puede experimentar placer a través de la tortura, y controlar su propia lubricación vaginal.", "imagen": "slides/introduccion005.jpg", "orden": 5}}, {"model": "core.slide", "pk": 6, "fields": {"created_at": "2025-12-26T11:37:02.111Z", "updated_at": "2025-12-27T11:09:28.990Z", "is_active": true, "presentacion": 1, "contenido": "Las paredes del recto anal tienen una compleja concentración de nervios sensores para el placer. Monserrat puede controlar con precisión la presión y succión en sus cavidades vaginales y anales, ajustando la sensibilidad y el placer a las preferencias de su cliente. Además, posee una capacidad de regeneración física asombrosa, permitiéndole recuperarse rápidamente de heridas, cortes o mutilaciones.", "imagen": "slides/introduccion008.jpeg", "orden": 6}}, {"model": "core.slide", "pk": 7, "fields": {"created_at": "2025-12-26T11:37:02.112Z", "updated_at": "2025-12-27T11:11:01.719Z", "is_active": true, "presentacion": 1, "contenido": "Se conoce que todos los productos de UltraGen están equipados con un chip inhibidor de voluntad, entregado a su comprador para asegurar la obediencia total. Este chip obliga a las unidades a seguir órdenes inviolables, transformandolos en meros instrumentos de placer y servidumbre, atrapados en una existencia de degradación perpetua.", "imagen": "slides/introduccion003x_2.jpg", "orden": 7}}, {"model": "core.slide", "pk": 8, "fields": {"created_at": "2025-12-26T11:37:02.114Z", "updated_at": "2025-12-27T11:11:14.455Z", "is_active": true, "presentacion": 1, "contenido": "En la Deep Web, los agentes de las principales mafias vigilan con ansiedad, esperando el codiciado aviso de venta que anunciará la llegada de Monserrat al mercado.", "imagen": "slides/introduccion009.jpg", "orden": 8}}, {"model": "core.recuerdoleticia", "pk": 1, "fields": {"created_at": "2025-12-02T06:12:58.265Z", "updated_at": "2025-12-02T06:13:12.290Z", "is_active": false, "orden": 1, "titulo": "Leticia", "contenido": "Todavía puedo verte cruzando el pasillo con esos libros en los brazos. Siempre tan tranquila, tan fuera de mi alcance. Pero cuando me mirabas… cuando sonreías… se me detenía todo por dentro. Era una sonrisa corta, casi nada, pero para mí era todo.\r\nNadie más me miró así nunca. Y por eso sigo aquí, pensando en ti todos los días, cada maldito día.\r\nEstoy trabajando para traerte conmigo. No como antes, no solo en mi cabeza. Esta vez será real.\r\nVoy a arreglar lo que la vida hizo mal. Vamos a estar juntos, Leticia.\r\nNo importa cómo, ni cuándo, ni qué tenga que hacer. Vas a volver. Y por fin nos amaremos mi amor.", "fecha": "2000-01-01T00:00:00Z", "firma": "— Tu eterno enamorado", "imagen": "recuerdos_leticia/leticia1.081d5ffa0a5d66e6e71f.jpg"}}, {"model": "core.recuerdoleticia", "pk": 2, "fields": {"created_at": "2025-12-02T06:14:39.780Z", "updated_at": "2025-12-02T06:14:39.780Z", "is_active": false, "orden": 2, "titulo": "Steve. Maldito seas.", "contenido": "Te vi reírte de mí. Te vi empujarme, burlarte, hacer de mi vida una broma. Y mientras lo hacías, ella te miraba.\r\nCaminaban juntos, abrazados, y yo atrás, fingiendo que no me importaba. Pero me dolía, me dolía como nada en este mundo.\r\nTú tenías todo. Tenías su voz, su mirada, su tiempo.\r\nYo solo tenía las sobras. El eco de su risa, el recuerdo de su cara, nada más.\r\nY tú, con tus manos sucias, tocándola como si fuera tuya.\r\nTe odio porque la penetrabas mientras yo la pensaba y me rompía por dentro.", "fecha": null, "firma": "¡Lo cambiaré todo!", "imagen": "recuerdos_leticia/leticia2.dbc52ac24285d672dbb4.jpg"}}, {"model": "core.instagramperfil", "pk": 1, "fields": {"created_at": "2025-12-01T22:15:39.559Z", "updated_at": "2025-12-01T22:15:39.559Z", "is_active": false, "nombre_usuario": "Monserrat Giannuzzi", "followers": 160, "following": 28, "ocupacion": "Modelo/Madre", "descripcion1": "🏅 Medallista olímpica de Gimnasia 🏅", "descripcion2": "🩰 Apasionada del Ballet 🩰", "imagen_perfil": "instagram/perfil/profile.03711ed66178f15edc1e.jpg"}}, {"model": "core.mercadoumbralnoticia", "pk": 1, "fields": {"created_at": "2025-12-26T10:50:49.470Z", "updated_at": "2025-12-26T10:50:49.470Z", "is_active": true, "titulo": "Chip Neural NX-1982A", "descripcion": "Se lanza chip Neural NX-1982A, capacidad de procesamiento 2.4 GFLOPS, compatible con unidades androides de 1ª generación.", "fecha": "1982-05-20"}}, {"model": "core.mercadoumbralnoticia", "pk": 2, "fields": {"created_at": "2025-12-26T10:50:49.487Z", "updated_at": "2025-12-26T10:50:49.487Z", "is_active": true, "titulo": "Piel Sintética PS-84X", "descripcion": "Nueva piel sintética PS-84X, textura ultra-realista, resistencia a abrasión 1200 ciclos, compatible con chips NX-1982A y posteriores.", "fecha": "1984-09-15"}}, {"model": "core.mercadoumbralnoticia", "pk": 3, "fields": {"created_at": "2025-12-26T10:50:49.491Z", "updated_at": "2025-12-26T10:50:49.491Z", "is_active": true, "titulo": "Unidad Biológica", "descripcion": "Primera unidad biológica: Monserrat. Integración con chip Neural MB-88, piel biocompatible PB-88.", "fecha": "1988-03-10"}}, {"model": "core.mercadoumbralnoticia", "pk": 4, "fields": {"created_at": "2025-12-26T10:50:49.495Z", "updated_at": "2025-12-26T10:50:49.495Z", "is_active": true, "titulo": "Chip Neural NX-91B", "descripcion": "Actualización chip NX-91B, 4.8 GFLOPS, soporte multitarea avanzada, compatibilidad con piel PS-84X y PS-91A.", "fecha": "1991-06-12"}}, {"model": "core.mercadoumbralnoticia", "pk": 5, "fields": {"created_at": "2025-12-26T10:50:49.498Z", "updated_at": "2025-12-26T10:50:49.498Z", "is_active": true, "titulo": "Piel Sintética PS-94C", "descripcion": "Piel sintética PS-94C con sensación térmica y humedad simulada, mejoras en elasticidad y durabilidad.", "fecha": "1994-11-05"}}, {"model": "core.mercadoumbralnoticia", "pk": 6, "fields": {"created_at": "2025-12-26T10:50:49.503Z", "updated_at": "2025-12-26T10:50:49.503Z", "is_active": true, "titulo": "Chip Neural NX-97D", "descripcion": "Nuevo chip NX-97D, integración de red neural adaptativa y cifrado de datos interno para unidades androides.", "fecha": "1997-08-23"}}, {"model": "core.mercadoumbralnoticia", "pk": 7, "fields": {"created_at": "2025-12-26T10:50:49.507Z", "updated_at": "2025-12-26T10:50:49.507Z", "is_active": true, "titulo": "Piel Sintética PS-00A", "descripcion": "PS-00A: piel adaptable a temperatura y humedad ambiente, compatible con chips NX-97D y NX-00C.", "fecha": "2000-02-14"}}, {"model": "core.mercadoumbralnoticia", "pk": 8, "fields": {"created_at": "2025-12-26T10:50:49.510Z", "updated_at": "2025-12-26T10:50:49.510Z", "is_active": true, "titulo": "Chip Neural NX-03F", "descripcion": "Actualización NX-03F, aprendizaje autónomo, 12 GFLOPS, optimizado para simulación de comportamiento humano.", "fecha": "2003-10-19"}}, {"model": "core.mercadoumbralnoticia", "pk": 9, "fields": {"created_at": "2025-12-26T10:50:49.513Z", "updated_at": "2025-12-26T10:50:49.513Z", "is_active": true, "titulo": "Unidad Android Mejorada", "descripcion": "Nueva serie de androides con integración de chip NX-06H y piel sintética PS-06B, mejoras en reflejos y respuesta sensorial.", "fecha": "2006-05-01"}}, {"model": "core.mercadoumbralnoticia", "pk": 10, "fields": {"created_at": "2025-12-26T10:50:49.519Z", "updated_at": "2025-12-26T10:50:49.519Z", "is_active": true, "titulo": "Piel Sintética PS-09D", "descripcion": "PS-09D con tacto avanzado, resistencia a impactos menores y compatibilidad con chips NX-06H y NX-09C.", "fecha": "2009-07-07"}}, {"model": "core.mercadoumbralcompra", "pk": 1, "fields": {"created_at": "2025-12-26T10:58:19.053Z", "updated_at": "2025-12-27T11:17:12.076Z", "is_active": true, "nombre": "Chloe Lancaster", "codigo": "US-22Q", "itemid": "102054", "precio": "1.25", "fecha": null, "imagen": "mercadoumbral/compras/hist1.jpeg"}}, {"model": "core.mercadoumbralcompra", "pk": 2, "fields": {"created_at": "2025-12-26T10:58:19.096Z", "updated_at": "2025-12-27T11:17:29.911Z", "is_active": true, "nombre": "Avery Sinclair", "codigo": "US-17X", "itemid": "102106", "precio": "0.95", "fecha": null, "imagen": "mercadoumbral/compras/hist2.jpeg"}}, {"model": "core.mercadoumbralcyborg", "pk": 1, "fields": {"created_at": "2025-12-26T04:41:56.701Z", "updated_at": "2025-12-27T11:23:27.489Z", "is_active": true, "codigo": "DX-23A", "humano": false, "disponible": true, "nacionalidad": "Suiza", "stock": 2, "material_construccion": "Aleación de titanio reforzado", "densidad_cabello": "2500 cabellos/cm²", "nombre": "Anna", "edad": 0, "precio": "12.00", "piel_sintetica": "Silicona 3ª generación hiperrealista", "chip_version": "V4.2 Neural Sync", "descripcion": "Androide imitando a una joven suiza, con piel suave y delicado aroma a flores alpinas. Su voz melódica y risueña cautiva al oído, proyectando armonía y serenidad.", "imagen": "mercadoumbral/cyborgs/androide_a_1.jpeg"}}, {"model": "core.mercadoumbralcyborg", "pk": 2, "fields": {"created_at": "2025-12-26T04:41:56.731Z", "updated_at": "2025-12-27T11:23:50.465Z", "is_active": true, "codigo": "DX-24B", "humano": false, "disponible": false, "nacionalidad": "Rusa", "stock": 0, "material_construccion": "Acero inoxidable premium", "densidad_cabello": "2000 cabellos/cm²", "nombre": "Elena", "edad": 0, "precio": "11.80", "piel_sintetica": "Silicona estándar 2ª generación", "chip_version": "V3.5 Core", "descripcion": "Androide imitando a una mujer rusa, de tez clara y aroma fresco como la nieve del norte. Sus gestos suaves y pronunciación elegante encantan al oído y transmiten confianza.", "imagen": "mercadoumbral/cyborgs/androide_d_1.jpeg"}}, {"model": "core.mercadoumbralcyborg", "pk": 3, "fields": {"created_at": "2025-12-26T04:41:56.735Z", "updated_at": "2025-12-27T11:23:06.010Z", "is_active": true, "codigo": "DX-25C", "humano": false, "disponible": true, "nacionalidad": "India", "stock": 3, "material_construccion": "Polímero orgánico reforzado", "densidad_cabello": "1800 cabellos/cm²", "nombre": "Maya", "edad": 0, "precio": "9.50", "piel_sintetica": "Composición híbrida mate", "chip_version": "V3.2 Basic AI", "descripcion": "Androide simulando a una joven india, con piel cálida y aroma sutil a jazmín. Su voz suave y cadenciosa crea una sensación de calma y cercanía.", "imagen": "mercadoumbral/cyborgs/androide_c_1.jpeg"}}, {"model": "core.mercadoumbralcyborg", "pk": 4, "fields": {"created_at": "2025-12-26T04:41:56.740Z", "updated_at": "2025-12-27T11:24:01.424Z", "is_active": true, "codigo": "DX-26D", "humano": false, "disponible": true, "nacionalidad": "Francesa", "stock": 1, "material_construccion": "Carbono ligero de alta resistencia", "densidad_cabello": "2400 cabellos/cm²", "nombre": "Lea", "edad": 0, "precio": "12.50", "piel_sintetica": "Silicona 3ª generación premium", "chip_version": "V4.3 Neural Emotion", "descripcion": "Androide imitando a una mujer francesa, con perfume tenue a lavanda y voz melodiosa que acaricia el oído. Sus gestos delicados evocan elegancia natural.", "imagen": "mercadoumbral/cyborgs/androide_f_1.jpeg"}}, {"model": "core.mercadoumbralcyborg", "pk": 5, "fields": {"created_at": "2025-12-26T04:41:56.746Z", "updated_at": "2025-12-27T11:22:22.451Z", "is_active": true, "codigo": "DX-27G", "humano": false, "disponible": true, "nacionalidad": "Japonesa", "stock": 2, "material_construccion": "Nano-cerámica reforzada con carbono", "densidad_cabello": "2700 cabellos/cm²", "nombre": "Aiko", "edad": 0, "precio": "13.20", "piel_sintetica": "Dermis sintética Shinkai v2.1", "chip_version": "V5.0 Quantum Sync", "descripcion": "Androide de origen japonés con estética refinada y minimalista. Su piel clara presenta textura seda sintética con detalles de precisión milimétrica. Optimizada para respuestas rápidas en interacción social avanzada.", "imagen": "mercadoumbral/cyborgs/androide_g_1.jpeg"}}, {"model": "core.mercadoumbralcyborg", "pk": 6, "fields": {"created_at": "2025-12-26T04:41:56.751Z", "updated_at": "2025-12-27T11:23:18.977Z", "is_active": true, "codigo": "DX-28H", "humano": false, "disponible": true, "nacionalidad": "Estadounidense", "stock": 4, "material_construccion": "Aleación aeroespacial grado militar", "densidad_cabello": "2600 cabellos/cm²", "nombre": "Emily Carter", "edad": 0, "precio": "14.00", "piel_sintetica": "Silicona HDX con nanoporos dinámicos", "chip_version": "V4.9 Adaptive Neural", "descripcion": "Androide imitando a una joven estadounidense de carácter extrovertido. Incluye modulador de acento configurable (Nueva York, California, Texas). Su diseño busca proyectar vitalidad y cercanía.", "imagen": "mercadoumbral/cyborgs/androide_h_1.jpeg"}}, {"model": "core.mercadoumbralcyborg", "pk": 7, "fields": {"created_at": "2025-12-26T04:41:56.755Z", "updated_at": "2025-12-27T11:22:49.608Z", "is_active": true, "codigo": "DX-29B", "humano": false, "disponible": true, "nacionalidad": "Nigeriana", "stock": 3, "material_construccion": "Compuesto polímero reforzado con kevlar", "densidad_cabello": "1900 cabellos/cm²", "nombre": "Ngozi", "edad": 0, "precio": "10.80", "piel_sintetica": "Epidermis híbrida resistente a climas extremos", "chip_version": "V3.8 Ethno AI Core", "descripcion": "Androide inspirado en una mujer nigeriana. Su tono de piel es oscuro con pigmentación precisa y resistente al desgaste. El chip integra un sistema de aprendizaje de patrones sociales multiculturales.", "imagen": "mercadoumbral/cyborgs/androide_b_1.jpeg"}}, {"model": "core.mercadoumbralcyborg", "pk": 8, "fields": {"created_at": "2025-12-26T04:41:56.760Z", "updated_at": "2025-12-27T11:22:34.624Z", "is_active": true, "codigo": "DX-30E", "humano": false, "disponible": true, "nacionalidad": "Irlandesa", "stock": 1, "material_construccion": "Fibra de carbono ultraligera", "densidad_cabello": "2300 cabellos/cm²", "nombre": "Siobhan", "edad": 0, "precio": "12.90", "piel_sintetica": "Silicona 4ª generación translúcida", "chip_version": "V4.4 Cognitive Harmony", "descripcion": "Androide diseñado con estética irlandesa. Piel clara con detalles de pecas artificiales y voz dulce calibrada con acento celta. Ideal para entornos de interacción cultural.", "imagen": "mercadoumbral/cyborgs/androide_e_1.jpeg"}}, {"model": "core.mercadoumbralhumano", "pk": 1, "fields": {"created_at": "2025-12-26T04:49:10.098Z", "updated_at": "2025-12-27T11:27:15.084Z", "is_active": true, "codigo": "H-23A", "humano": true, "nacionalidad": "Irlandesa", "buscada": true, "nombre": "Lena Bauer", "edad": 24, "estado": "Disponible", "precio": "3.80", "descripcion": "Originaria de Hamburgo. Capturada en la noche de un 12 de marzo.", "imagen": "mercadoumbral/humanos/irlandesa1.jpeg"}}, {"model": "core.mercadoumbralhumano", "pk": 2, "fields": {"created_at": "2025-12-26T04:49:10.110Z", "updated_at": "2025-12-27T11:32:33.466Z", "is_active": true, "codigo": "H-23B", "humano": true, "nacionalidad": "Japonesa", "buscada": false, "nombre": "Hana Takahashi", "edad": 18, "estado": "Disponible", "precio": "1.50", "descripcion": "Proveniente de Kioto, desaparecida durante un festival de otoño. Tez clara.", "imagen": "mercadoumbral/humanos/japonesa1.jpeg"}}, {"model": "core.mercadoumbralhumano", "pk": 3, "fields": {"created_at": "2025-12-26T04:49:10.116Z", "updated_at": "2025-12-27T11:32:14.802Z", "is_active": true, "codigo": "H-23C", "humano": true, "nacionalidad": "Chilena", "buscada": true, "nombre": "Javiera Rojas", "edad": 22, "estado": "Disponible", "precio": "0.90", "descripcion": "Desde Valparaíso, desaparecida en un callejón del puerto a medianoche. Cabello castaño.", "imagen": "mercadoumbral/humanos/chilena1.jpeg"}}, {"model": "core.mercadoumbralhumano", "pk": 4, "fields": {"created_at": "2025-12-26T04:49:10.121Z", "updated_at": "2025-12-27T11:32:48.578Z", "is_active": true, "codigo": "H-23D", "humano": true, "nacionalidad": "Brasileña", "buscada": false, "nombre": "Isabela Santos", "edad": 18, "estado": "Disponible", "precio": "1.20", "descripcion": "Natural de Río de Janeiro, capturada durante un carnaval nocturno. Piel cálida y cabellos oscuros.", "imagen": "mercadoumbral/humanos/brasilera1.jpeg"}}, {"model": "core.mercadoumbralhumano", "pk": 5, "fields": {"created_at": "2025-12-26T04:49:10.126Z", "updated_at": "2025-12-27T11:33:11.205Z", "is_active": true, "codigo": "H-23E", "humano": true, "nacionalidad": "Sueca", "buscada": true, "nombre": "Susane Nilsson", "edad": 27, "estado": "Disponible", "precio": "4.20", "descripcion": "Procedente de Estocolmo, desaparecida en la oscuridad de un bosque nevado. Cabellos rubios.", "imagen": "mercadoumbral/humanos/sueca1.jpeg"}}, {"model": "core.mercadoumbralhumano", "pk": 6, "fields": {"created_at": "2025-12-26T04:49:10.131Z", "updated_at": "2025-12-27T11:28:22.842Z", "is_active": true, "codigo": "H-23F", "humano": true, "nacionalidad": "Mexicana", "buscada": false, "nombre": "Linda Castañeda", "edad": 18, "estado": "Disponible", "precio": "0.80", "descripcion": "Originaria de Ciudad de México, capturada al caer la noche en un mercado antiguo. Cabellos oscuros.", "imagen": "mercadoumbral/humanos/mexicana1.jpeg"}}, {"model": "core.mercadoumbralhumano", "pk": 7, "fields": {"created_at": "2025-12-26T04:49:10.136Z", "updated_at": "2025-12-27T11:33:36.108Z", "is_active": true, "codigo": "H-23G", "humano": true, "nacionalidad": "Italiana", "buscada": true, "nombre": "Giulia Romano", "edad": 23, "estado": "Disponible", "precio": "3.50", "descripcion": "De Roma, desaparecida en los callejones del Trastevere. Piel clara, cabellos castaños.", "imagen": "mercadoumbral/humanos/italiana1.jpeg"}}, {"model": "core.mercadoumbralhumano", "pk": 8, "fields": {"created_at": "2025-12-26T04:49:10.141Z", "updated_at": "2025-12-27T11:33:57.780Z", "is_active": true, "codigo": "H-23H", "humano": true, "nacionalidad": "Francesa", "buscada": true, "nombre": "Camille Dubois", "edad": 24, "estado": "Disponible", "precio": "4.00", "descripcion": "Proveniente de París, capturada cerca del Sena a medianoche. Cabello rubio, tez clara.", "imagen": "mercadoumbral/humanos/francesa1.jpeg"}}, {"model": "core.mercadoumbralhumano", "pk": 9, "fields": {"created_at": "2025-12-26T04:49:10.145Z", "updated_at": "2025-12-27T11:34:14.882Z", "is_active": true, "codigo": "H-23I", "humano": true, "nacionalidad": "Argentina", "buscada": false, "nombre": "Sabrina Álvarez", "edad": 19, "estado": "Disponible", "precio": "1.00", "descripcion": "Nacida en Rosario, Argentina. Desaparecida durante una tormenta en la ruta costera del Paraná.", "imagen": "mercadoumbral/humanos/argentina1.jpeg"}}, {"model": "core.mercadoumbralhumanoimagen", "pk": 1, "fields": {"created_at": "2025-12-27T11:26:22.517Z", "updated_at": "2025-12-27T11:26:22.517Z", "is_active": false, "humano": 1, "imagen": "mercadoumbral/humanos/extras/irlandesa2.jpeg", "orden": 0}}, {"model": "core.mercadoumbralhumanoimagen", "pk": 2, "fields": {"created_at": "2025-12-27T11:27:15.290Z", "updated_at": "2025-12-27T11:27:15.290Z", "is_active": false, "humano": 1, "imagen": "mercadoumbral/humanos/extras/irlandesa3.jpeg", "orden": 0}}, {"model": "core.mercadoumbralhumanoimagen", "pk": 3, "fields": {"created_at": "2025-12-27T11:27:15.487Z", "updated_at": "2025-12-27T11:27:15.487Z", "is_active": false, "humano": 1, "imagen": "mercadoumbral/humanos/extras/irlandesa4.jpeg", "orden": 0}}, {"model": "core.mercadoumbralhumanoimagen", "pk": 4, "fields": {"created_at": "2025-12-27T11:27:15.626Z", "updated_at": "2025-12-27T11:27:15.626Z", "is_active": false, "humano": 1, "imagen": "mercadoumbral/humanos/extras/irlandesa5.jpeg", "orden": 0}}, {"model": "core.mercadoumbralhumanoimagen", "pk": 5, "fields": {"created_at": "2025-12-27T11:27:15.633Z", "updated_at": "2025-12-27T11:27:15.633Z", "is_active": false, "humano": 1, "imagen": "mercadoumbral/humanos/extras/irlandesa8.jpeg", "orden": 0}}, {"model": "core.mercadoumbralhumanoimagen", "pk": 6, "fields": {"created_at": "2025-12-27T11:27:15.655Z", "updated_at": "2025-12-27T11:27:15.655Z", "is_active": false, "humano": 1, "imagen": "mercadoumbral/humanos/extras/irlandesa9.jpeg", "orden": 0}}, {"model": "core.mercadoumbralhumanoimagen", "pk": 7, "fields": {"created_at": "2025-12-27T11:27:15.666Z", "updated_at": "2025-12-27T11:27:15.666Z", "is_active": false, "humano": 1, "imagen": "mercadoumbral/humanos/extras/irlandesa7.jpeg", "orden": 0}}, {"model": "core.mercadoumbralhumanoimagen", "pk": 8, "fields": {"created_at": "2025-12-27T11:27:15.669Z", "updated_at": "2025-12-27T11:27:15.669Z", "is_active": false, "humano": 1, "imagen": "mercadoumbral/humanos/extras/irlandesa6.jpeg", "orden": 0}}, {"model": "core.mercadoumbralhumanoimagen", "pk": 9, "fields": {"created_at": "2025-12-27T11:28:22.992Z", "updated_at": "2025-12-27T11:28:22.992Z", "is_active": false, "humano": 6, "imagen": "mercadoumbral/humanos/extras/mexicana2.jpeg", "orden": 0}}, {"model": "core.mercadoumbralhumanoimagen", "pk": 10, "fields": {"created_at": "2025-12-27T11:28:23.002Z", "updated_at": "2025-12-27T11:28:23.002Z", "is_active": false, "humano": 6, "imagen": "mercadoumbral/humanos/extras/mexicana3.jpeg", "orden": 0}}, {"model": "core.mercadoumbralhumanoimagen", "pk": 11, "fields": {"created_at": "2025-12-27T11:32:14.892Z", "updated_at": "2025-12-27T11:32:14.892Z", "is_active": false, "humano": 3, "imagen": "mercadoumbral/humanos/extras/chilena3.jpeg", "orden": 0}}, {"model": "core.mercadoumbralhumanoimagen", "pk": 12, "fields": {"created_at": "2025-12-27T11:32:14.905Z", "updated_at": "2025-12-27T11:32:14.905Z", "is_active": false, "humano": 3, "imagen": "mercadoumbral/humanos/extras/chilena4.jpeg", "orden": 0}}, {"model": "core.mercadoumbralhumanoimagen", "pk": 13, "fields": {"created_at": "2025-12-27T11:32:14.909Z", "updated_at": "2025-12-27T11:32:14.909Z", "is_active": false, "humano": 3, "imagen": "mercadoumbral/humanos/extras/chilena6.jpeg", "orden": 0}}, {"model": "core.mercadoumbralhumanoimagen", "pk": 14, "fields": {"created_at": "2025-12-27T11:32:14.982Z", "updated_at": "2025-12-27T11:32:14.982Z", "is_active": false, "humano": 3, "imagen": "mercadoumbral/humanos/extras/chilena2.jpeg", "orden": 0}}, {"model": "core.mercadoumbralhumanoimagen", "pk": 15, "fields": {"created_at": "2025-12-27T11:32:14.995Z", "updated_at": "2025-12-27T11:32:14.995Z", "is_active": false, "humano": 3, "imagen": "mercadoumbral/humanos/extras/chilena5.jpeg", "orden": 0}}, {"model": "core.mercadoumbralhumanoimagen", "pk": 16, "fields": {"created_at": "2025-12-27T11:32:33.553Z", "updated_at": "2025-12-27T11:32:33.554Z", "is_active": false, "humano": 2, "imagen": "mercadoumbral/humanos/extras/japonesa2.jpeg", "orden": 0}}, {"model": "core.mercadoumbralhumanoimagen", "pk": 17, "fields": {"created_at": "2025-12-27T11:32:33.560Z", "updated_at": "2025-12-27T11:32:33.561Z", "is_active": false, "humano": 2, "imagen": "mercadoumbral/humanos/extras/japonesa5.jpeg", "orden": 0}}, {"model": "core.mercadoumbralhumanoimagen", "pk": 18, "fields": {"created_at": "2025-12-27T11:32:33.566Z", "updated_at": "2025-12-27T11:32:33.566Z", "is_active": false, "humano": 2, "imagen": "mercadoumbral/humanos/extras/japonesa4.jpeg", "orden": 0}}, {"model": "core.mercadoumbralhumanoimagen", "pk": 19, "fields": {"created_at": "2025-12-27T11:32:33.570Z", "updated_at": "2025-12-27T11:32:33.570Z", "is_active": false, "humano": 2, "imagen": "mercadoumbral/humanos/extras/japonesa6.jpeg", "orden": 0}}, {"model": "core.mercadoumbralhumanoimagen", "pk": 20, "fields": {"created_at": "2025-12-27T11:32:33.642Z", "updated_at": "2025-12-27T11:32:33.642Z", "is_active": false, "humano": 2, "imagen": "mercadoumbral/humanos/extras/japonesa3.jpeg", "orden": 0}}, {"model": "core.mercadoumbralhumanoimagen", "pk": 21, "fields": {"created_at": "2025-12-27T11:32:48.656Z", "updated_at": "2025-12-27T11:32:48.656Z", "is_active": false, "humano": 4, "imagen": "mercadoumbral/humanos/extras/brasilera2.jpeg", "orden": 0}}, {"model": "core.mercadoumbralhumanoimagen", "pk": 22, "fields": {"created_at": "2025-12-27T11:32:48.660Z", "updated_at": "2025-12-27T11:32:48.660Z", "is_active": false, "humano": 4, "imagen": "mercadoumbral/humanos/extras/brasilera4.jpeg", "orden": 0}}, {"model": "core.mercadoumbralhumanoimagen", "pk": 23, "fields": {"created_at": "2025-12-27T11:32:48.663Z", "updated_at": "2025-12-27T11:32:48.663Z", "is_active": false, "humano": 4, "imagen": "mercadoumbral/humanos/extras/brasilera3.jpeg", "orden": 0}}, {"model": "core.mercadoumbralhumanoimagen", "pk": 24, "fields": {"created_at": "2025-12-27T11:32:48.763Z", "updated_at": "2025-12-27T11:32:48.763Z", "is_active": false, "humano": 4, "imagen": "mercadoumbral/humanos/extras/brasilera5.jpeg", "orden": 0}}, {"model": "core.mercadoumbralhumanoimagen", "pk": 25, "fields": {"created_at": "2025-12-27T11:33:11.286Z", "updated_at": "2025-12-27T11:33:11.286Z", "is_active": false, "humano": 5, "imagen": "mercadoumbral/humanos/extras/sueca3.jpeg", "orden": 0}}, {"model": "core.mercadoumbralhumanoimagen", "pk": 26, "fields": {"created_at": "2025-12-27T11:33:11.290Z", "updated_at": "2025-12-27T11:33:11.290Z", "is_active": false, "humano": 5, "imagen": "mercadoumbral/humanos/extras/sueca2.jpeg", "orden": 0}}, {"model": "core.mercadoumbralhumanoimagen", "pk": 27, "fields": {"created_at": "2025-12-27T11:33:11.295Z", "updated_at": "2025-12-27T11:33:11.295Z", "is_active": false, "humano": 5, "imagen": "mercadoumbral/humanos/extras/sueca4.jpeg", "orden": 0}}, {"model": "core.mercadoumbralhumanoimagen", "pk": 28, "fields": {"created_at": "2025-12-27T11:33:11.303Z", "updated_at": "2025-12-27T11:33:11.303Z", "is_active": false, "humano": 5, "imagen": "mercadoumbral/humanos/extras/sueca6.jpeg", "orden": 0}}, {"model": "core.mercadoumbralhumanoimagen", "pk": 29, "fields": {"created_at": "2025-12-27T11:33:11.388Z", "updated_at": "2025-12-27T11:33:11.388Z", "is_active": false, "humano": 5, "imagen": "mercadoumbral/humanos/extras/sueca5.jpeg", "orden": 0}}, {"model": "core.mercadoumbralhumanoimagen", "pk": 30, "fields": {"created_at": "2025-12-27T11:33:36.187Z", "updated_at": "2025-12-27T11:33:36.187Z", "is_active": false, "humano": 7, "imagen": "mercadoumbral/humanos/extras/italiana2.jpeg", "orden": 0}}, {"model": "core.mercadoumbralhumanoimagen", "pk": 31, "fields": {"created_at": "2025-12-27T11:33:36.196Z", "updated_at": "2025-12-27T11:33:36.196Z", "is_active": false, "humano": 7, "imagen": "mercadoumbral/humanos/extras/italiana3.jpeg", "orden": 0}}, {"model": "core.mercadoumbralhumanoimagen", "pk": 32, "fields": {"created_at": "2025-12-27T11:33:36.206Z", "updated_at": "2025-12-27T11:33:36.206Z", "is_active": false, "humano": 7, "imagen": "mercadoumbral/humanos/extras/italiana6.jpeg", "orden": 0}}, {"model": "core.mercadoumbralhumanoimagen", "pk": 33, "fields": {"created_at": "2025-12-27T11:33:36.207Z", "updated_at": "2025-12-27T11:33:36.207Z", "is_active": false, "humano": 7, "imagen": "mercadoumbral/humanos/extras/italiana4.jpeg", "orden": 0}}, {"model": "core.mercadoumbralhumanoimagen", "pk": 34, "fields": {"created_at": "2025-12-27T11:33:36.284Z", "updated_at": "2025-12-27T11:33:36.284Z", "is_active": false, "humano": 7, "imagen": "mercadoumbral/humanos/extras/italiana5.jpeg", "orden": 0}}, {"model": "core.mercadoumbralhumanoimagen", "pk": 35, "fields": {"created_at": "2025-12-27T11:33:57.865Z", "updated_at": "2025-12-27T11:33:57.865Z", "is_active": false, "humano": 8, "imagen": "mercadoumbral/humanos/extras/francesa2.jpeg", "orden": 0}}, {"model": "core.mercadoumbralhumanoimagen", "pk": 36, "fields": {"created_at": "2025-12-27T11:33:57.868Z", "updated_at": "2025-12-27T11:33:57.868Z", "is_active": false, "humano": 8, "imagen": "mercadoumbral/humanos/extras/francesa3.jpeg", "orden": 0}}, {"model": "core.mercadoumbralhumanoimagen", "pk": 37, "fields": {"created_at": "2025-12-27T11:33:57.875Z", "updated_at": "2025-12-27T11:33:57.875Z", "is_active": false, "humano": 8, "imagen": "mercadoumbral/humanos/extras/francesa4.jpeg", "orden": 0}}, {"model": "core.mercadoumbralhumanoimagen", "pk": 38, "fields": {"created_at": "2025-12-27T11:33:57.881Z", "updated_at": "2025-12-27T11:33:57.881Z", "is_active": false, "humano": 8, "imagen": "mercadoumbral/humanos/extras/francesa5.jpeg", "orden": 0}}, {"model": "core.mercadoumbralhumanoimagen", "pk": 39, "fields": {"created_at": "2025-12-27T11:33:57.888Z", "updated_at": "2025-12-27T11:33:57.888Z", "is_active": false, "humano": 8, "imagen": "mercadoumbral/humanos/extras/francesa6.jpeg", "orden": 0}}, {"model": "core.mercadoumbralhumanoimagen", "pk": 40, "fields": {"created_at": "2025-12-27T11:34:14.961Z", "updated_at": "2025-12-27T11:34:14.961Z", "is_active": false, "humano": 9, "imagen": "mercadoumbral/humanos/extras/argentina2.jpeg", "orden": 0}}, {"model": "core.mercadoumbralhumanoimagen", "pk": 41, "fields": {"created_at": "2025-12-27T11:34:14.968Z", "updated_at": "2025-12-27T11:34:14.968Z", "is_active": false, "humano": 9, "imagen": "mercadoumbral/humanos/extras/argentina5.jpeg", "orden": 0}}, {"model": "core.mercadoumbralhumanoimagen", "pk": 42, "fields": {"created_at": "2025-12-27T11:34:14.970Z", "updated_at": "2025-12-27T11:34:14.970Z", "is_active": false, "humano": 9, "imagen": "mercadoumbral/humanos/extras/argentina3.jpeg", "orden": 0}}, {"model": "core.mercadoumbralhumanoimagen", "pk": 43, "fields": {"created_at": "2025-12-27T11:34:14.979Z", "updated_at": "2025-12-27T11:34:14.979Z", "is_active": false, "humano": 9, "imagen": "mercadoumbral/humanos/extras/argentina4.jpeg", "orden": 0}}, {"model": "core.mercadoumbralhumanoimagen", "pk": 44, "fields": {"created_at": "2025-12-27T11:34:14.981Z", "updated_at": "2025-12-27T11:34:14.981Z", "is_active": false, "humano": 9, "imagen": "mercadoumbral/humanos/extras/argentina6.jpeg", "orden": 0}}, {"model": "core.mercadoumbralhumanoimagen", "pk": 45, "fields": {"created_at": "2025-12-27T11:34:15.037Z", "updated_at": "2025-12-27T11:34:15.037Z", "is_active": false, "humano": 9, "imagen": "mercadoumbral/humanos/extras/argentina7.jpeg", "orden": 0}}, {"model": "core.mercadoumbralhumanoimagen", "pk": 46, "fields": {"created_at": "2025-12-27T11:34:15.050Z", "updated_at": "2025-12-27T11:34:15.050Z", "is_active": false, "humano": 9, "imagen": "mercadoumbral/humanos/extras/argentina9.jpeg", "orden": 0}}, {"model": "core.mercadoumbralhumanoimagen", "pk": 47, "fields": {"created_at": "2025-12-27T11:34:15.050Z", "updated_at": "2025-12-27T11:34:15.050Z", "is_active": false, "humano": 9, "imagen": "mercadoumbral/humanos/extras/argentina8.jpeg", "orden": 0}}, {"model": "core.bienvenida", "pk": 1, "fields": {"created_at": "2025-12-27T12:38:31.752Z", "updated_at": "2025-12-27T12:38:31.752Z", "is_active": false, "contenido": "*Sus ojos, hinchados y enrojecidos, apenas se levantaron al verlo.- ... (No pudo pronunciar palabra; un gemido ahogado escapó de sus labios mientras las lágrimas corrían por su rostro y su cuerpo temblaba de dolor).\r\n\r\n*El aliento salió entrecortado, mezclado con un leve sollozo.*.", "imagen": "bienvenidas/014.jpeg", "fecha": "2025-12-27T12:38:31.755Z", "tipo_usuario": "Invitado"}}, {"model": "core.bienvenida", "pk": 2, "fields": {"created_at": "2025-12-27T12:40:09.808Z", "updated_at": "2025-12-27T12:40:09.808Z", "is_active": false, "contenido": "*El corazón de ella late rápidamente mientras lo ve acercarse*.- ¡Por fin estás aquí! (dijo con una voz suave y llena de amor, sus ojos brillando de alegría).\r\n\r\n*Su corazón se llenó de felicidad al verlo, y una sonrisa se extendió por su rostro*.", "imagen": "bienvenidas/001.jpg", "fecha": "2025-12-27T12:40:09.810Z", "tipo_usuario": "Master"}}, {"model": "core.librovisitas", "pk": 1, "fields": {"created_at": "2025-12-02T07:21:42.415Z", "updated_at": "2025-12-02T07:21:42.415Z", "is_active": true, "nombre": "LoneWolf84", "mensaje": "Hola preciosura cómo va todo aquí estoy para lo que necesites.", "correo": "lonewolf84@example.com", "fecha": "20/08/2023 14:32"}}, {"model": "core.librovisitas", "pk": 2, "fields": {"created_at": "2025-12-02T07:22:16.473Z", "updated_at": "2025-12-02T07:22:16.473Z", "is_active": true, "nombre": "Domovoyes", "mensaje": "La respuesta a la pregunta será siempre un misterio :P", "correo": "processed@null.com", "fecha": "05/09/2023 09:21"}}, {"model": "core.librovisitas", "pk": 3, "fields": {"created_at": "2025-12-02T07:22:39.259Z", "updated_at": "2025-12-02T07:22:39.259Z", "is_active": true, "nombre": "jay", "mensaje": "Me encanta como escribes, las ideas que tienes ademas de que eres bella, sigue asi.", "correo": "processed@null.com", "fecha": "12/12/2023 16:10"}}, {"model": "core.librovisitas", "pk": 4, "fields": {"created_at": "2025-12-02T07:23:01.928Z", "updated_at": "2025-12-02T07:23:01.928Z", "is_active": true, "nombre": "Morbi", "mensaje": "Recién descubriendo tu fantástica saga. Intuyo que deparará intensas sensaciones. Gracias.", "correo": "processed@null.com", "fecha": "28/01/2024 11:05"}}, {"model": "core.librovisitas", "pk": 5, "fields": {"created_at": "2025-12-02T07:23:28.322Z", "updated_at": "2025-12-02T07:23:28.322Z", "is_active": true, "nombre": "Clu", "mensaje": "Tu presencia cautiva y tu diseño redefine lo que significa experimentar el placer. Un verdadero enigma, único e irresistible.", "correo": "processed@null.com", "fecha": "11/02/2024 10:55"}}, {"model": "core.librovisitas", "pk": 6, "fields": {"created_at": "2025-12-02T07:24:08.799Z", "updated_at": "2025-12-02T07:24:08.799Z", "is_active": true, "nombre": "ULURUS THOR", "mensaje": "Una gran pagina la cual promete un contenido muy interesante, habrá que seguirla con gran ansiedad a la espera de leer esas maravillosas historias", "correo": "processed@null.com", "fecha": "20/08/2025 10:27"}}, {"model": "core.seguridad", "pk": 1, "fields": {"created_at": "2025-12-27T12:44:25.829Z", "updated_at": "2025-12-27T12:44:25.829Z", "is_active": false, "santo": "¿Qué dice Monserrat cuando te subes sobre ella?", "sena": "nodenuevono"}}, {"model": "core.seguridad", "pk": 2, "fields": {"created_at": "2025-12-27T12:44:51.615Z", "updated_at": "2025-12-27T12:44:51.615Z", "is_active": false, "santo": "Monserrat, temblando y arqueada en el suelo, toca su vientre con ambas manos, preguntando ¿Qué es esto?", "sena": "lechecaliente"}}, {"model": "core.seguridad", "pk": 3, "fields": {"created_at": "2025-12-27T12:45:11.896Z", "updated_at": "2025-12-27T12:45:11.896Z", "is_active": false, "santo": "Monserrat, al borde del colapso psicológico, exclamó entre sollozos desgarradores: ¡Ya van 2 horas, ¿qué más quieres de mi?!", "sena": "Tuuteroderramado"}}, {"model": "core.susurro", "pk": 2, "fields": {"created_at": "2025-12-29T20:59:09.251Z", "updated_at": "2025-12-29T20:59:09.251Z", "is_active": true, "seccion": "desktop", "duracion": 4, "susurro": "He pasado demasiados años aquí… solo con su recuerdo.", "activado": true}}, {"model": "core.susurro", "pk": 3, "fields": {"created_at": "2025-12-29T20:59:09.276Z", "updated_at": "2025-12-29T20:59:09.276Z", "is_active": true, "seccion": "desktop", "duracion": 4, "susurro": "Este escritorio me ha visto envejecer esperando algo que no vuelve.", "activado": true}}, {"model": "core.susurro", "pk": 4, "fields": {"created_at": "2025-12-29T20:59:09.277Z", "updated_at": "2025-12-29T20:59:09.277Z", "is_active": true, "seccion": "desktop", "duracion": 3, "susurro": "Cada noche termino hablándole a su ausencia.", "activado": true}}, {"model": "core.susurro", "pk": 5, "fields": {"created_at": "2025-12-29T20:59:09.279Z", "updated_at": "2025-12-29T20:59:09.279Z", "is_active": true, "seccion": "desktop", "duracion": 4, "susurro": "Todo lo que soy ahora nació de esta soledad interminable.", "activado": true}}, {"model": "core.susurro", "pk": 6, "fields": {"created_at": "2025-12-29T20:59:09.279Z", "updated_at": "2025-12-29T20:59:09.279Z", "is_active": true, "seccion": "desktop", "duracion": 4, "susurro": "Nada se mueve aquí… excepto mi obsesión por ella.", "activado": true}}, {"model": "core.susurro", "pk": 7, "fields": {"created_at": "2025-12-29T20:59:09.280Z", "updated_at": "2025-12-29T20:59:09.280Z", "is_active": true, "seccion": "diarios", "duracion": 4, "susurro": "Aquí escribió su vida… y yo pago el precio de leerla.", "activado": true}}, {"model": "core.susurro", "pk": 8, "fields": {"created_at": "2025-12-29T20:59:09.281Z", "updated_at": "2025-12-29T20:59:09.281Z", "is_active": true, "seccion": "diarios", "duracion": 4, "susurro": "Cada nombre que aparece me atraviesa como un error irreparable.", "activado": true}}, {"model": "core.susurro", "pk": 9, "fields": {"created_at": "2025-12-29T20:59:09.281Z", "updated_at": "2025-12-29T20:59:09.281Z", "is_active": true, "seccion": "diarios", "duracion": 3, "susurro": "Amó, sufrió, siguió adelante… sin mí.", "activado": true}}, {"model": "core.susurro", "pk": 10, "fields": {"created_at": "2025-12-29T20:59:09.282Z", "updated_at": "2025-12-29T20:59:09.282Z", "is_active": true, "seccion": "diarios", "duracion": 4, "susurro": "Todas las pistas están aquí… junto a todo lo que me destruye.", "activado": true}}, {"model": "core.susurro", "pk": 11, "fields": {"created_at": "2025-12-29T20:59:09.282Z", "updated_at": "2025-12-29T20:59:09.282Z", "is_active": true, "seccion": "diarios", "duracion": 4, "susurro": "Leerla es entender cuánto nunca fui suficiente.", "activado": true}}, {"model": "core.susurro", "pk": 12, "fields": {"created_at": "2025-12-29T20:59:09.283Z", "updated_at": "2025-12-29T20:59:09.283Z", "is_active": true, "seccion": "tomos", "duracion": 4, "susurro": "Aún no los abro… sé lo que pueden hacerme.", "activado": true}}, {"model": "core.susurro", "pk": 13, "fields": {"created_at": "2025-12-29T20:59:09.283Z", "updated_at": "2025-12-29T20:59:09.283Z", "is_active": true, "seccion": "tomos", "duracion": 3, "susurro": "Cada tomo guarda más verdades que no quiero aceptar.", "activado": true}}, {"model": "core.susurro", "pk": 14, "fields": {"created_at": "2025-12-29T20:59:09.284Z", "updated_at": "2025-12-29T20:59:09.284Z", "is_active": true, "seccion": "tomos", "duracion": 4, "susurro": "Cuanto más avanzo, más lejos siento que estuvo de mí.", "activado": true}}, {"model": "core.susurro", "pk": 15, "fields": {"created_at": "2025-12-29T20:59:09.286Z", "updated_at": "2025-12-29T20:59:09.286Z", "is_active": true, "seccion": "tomos", "duracion": 3, "susurro": "No sé si busco pistas… o castigo.", "activado": true}}, {"model": "core.susurro", "pk": 16, "fields": {"created_at": "2025-12-29T20:59:09.287Z", "updated_at": "2025-12-29T20:59:09.287Z", "is_active": true, "seccion": "tomos", "duracion": 4, "susurro": "Aquí está su historia… y mi derrota.", "activado": true}}, {"model": "core.susurro", "pk": 17, "fields": {"created_at": "2025-12-29T20:59:09.287Z", "updated_at": "2025-12-29T20:59:09.287Z", "is_active": true, "seccion": "whatsapp", "duracion": 3, "susurro": "Mensajes que nunca fueron para mí.", "activado": true}}, {"model": "core.susurro", "pk": 18, "fields": {"created_at": "2025-12-29T20:59:09.288Z", "updated_at": "2025-12-29T20:59:09.288Z", "is_active": true, "seccion": "whatsapp", "duracion": 4, "susurro": "Aquí concreta encuentros… y yo los leo uno por uno.", "activado": true}}, {"model": "core.susurro", "pk": 19, "fields": {"created_at": "2025-12-29T20:59:09.289Z", "updated_at": "2025-12-29T20:59:09.289Z", "is_active": true, "seccion": "whatsapp", "duracion": 3, "susurro": "Cada chat duele… pero cada chat sirve.", "activado": true}}, {"model": "core.susurro", "pk": 20, "fields": {"created_at": "2025-12-29T20:59:09.290Z", "updated_at": "2025-12-29T20:59:09.290Z", "is_active": true, "seccion": "whatsapp", "duracion": 4, "susurro": "Esta es la parte más sucia… y la más útil.", "activado": true}}, {"model": "core.susurro", "pk": 21, "fields": {"created_at": "2025-12-29T20:59:09.291Z", "updated_at": "2025-12-29T20:59:09.291Z", "is_active": true, "seccion": "whatsapp", "duracion": 3, "susurro": "Me repugna leer esto… pero necesito saber.", "activado": true}}, {"model": "core.susurro", "pk": 22, "fields": {"created_at": "2025-12-29T20:59:09.292Z", "updated_at": "2025-12-29T20:59:09.292Z", "is_active": true, "seccion": "instagram", "duracion": 2, "susurro": "Aquí todavía puedo verla… hermosa como siempre.", "activado": true}}, {"model": "core.susurro", "pk": 23, "fields": {"created_at": "2025-12-29T20:59:09.292Z", "updated_at": "2025-12-29T20:59:09.292Z", "is_active": true, "seccion": "instagram", "duracion": 3, "susurro": "Cada imagen me recuerda por qué nunca la olvidé.", "activado": true}}, {"model": "core.susurro", "pk": 24, "fields": {"created_at": "2025-12-29T20:59:09.293Z", "updated_at": "2025-12-29T20:59:09.293Z", "is_active": true, "seccion": "instagram", "duracion": 2, "susurro": "Ella sonríe… y el mundo no sabe lo que perdí.", "activado": true}}, {"model": "core.susurro", "pk": 25, "fields": {"created_at": "2025-12-29T20:59:09.293Z", "updated_at": "2025-12-29T20:59:09.293Z", "is_active": true, "seccion": "instagram", "duracion": 3, "susurro": "Si pudiera entrar en una sola de estas fotos…", "activado": true}}, {"model": "core.susurro", "pk": 26, "fields": {"created_at": "2025-12-29T20:59:09.293Z", "updated_at": "2025-12-29T20:59:09.293Z", "is_active": true, "seccion": "instagram", "duracion": 3, "susurro": "Todo mi amor sigue intacto aquí.", "activado": true}}, {"model": "core.susurro", "pk": 27, "fields": {"created_at": "2025-12-29T20:59:09.294Z", "updated_at": "2025-12-29T20:59:09.294Z", "is_active": true, "seccion": "expedientes", "duracion": 3, "susurro": "Esto nunca debí tenerlo… pero lo guardé todo.", "activado": true}}, {"model": "core.susurro", "pk": 28, "fields": {"created_at": "2025-12-29T20:59:09.294Z", "updated_at": "2025-12-29T20:59:09.294Z", "is_active": true, "seccion": "expedientes", "duracion": 4, "susurro": "Aquí explican cómo fue posible arrebatarme su destino.", "activado": true}}, {"model": "core.susurro", "pk": 29, "fields": {"created_at": "2025-12-29T20:59:09.294Z", "updated_at": "2025-12-29T20:59:09.294Z", "is_active": true, "seccion": "expedientes", "duracion": 3, "susurro": "Informes fríos para justificar lo imperdonable.", "activado": true}}, {"model": "core.susurro", "pk": 30, "fields": {"created_at": "2025-12-29T20:59:09.295Z", "updated_at": "2025-12-29T20:59:09.295Z", "is_active": true, "seccion": "expedientes", "duracion": 4, "susurro": "Cada documento revela cuánto sabían.", "activado": true}}, {"model": "core.susurro", "pk": 31, "fields": {"created_at": "2025-12-29T20:59:09.295Z", "updated_at": "2025-12-29T20:59:09.295Z", "is_active": true, "seccion": "expedientes", "duracion": 3, "susurro": "La verdad estaba escrita… solo había que robarla.", "activado": true}}, {"model": "core.susurro", "pk": 32, "fields": {"created_at": "2025-12-29T20:59:09.295Z", "updated_at": "2025-12-29T20:59:09.295Z", "is_active": true, "seccion": "tablet", "duracion": 4, "susurro": "Este video lo explica todo… o eso temo.", "activado": true}}, {"model": "core.susurro", "pk": 33, "fields": {"created_at": "2025-12-29T20:59:09.296Z", "updated_at": "2025-12-29T20:59:09.296Z", "is_active": true, "seccion": "tablet", "duracion": 3, "susurro": "Ultragen… siempre oculto detrás de palabras limpias.", "activado": true}}, {"model": "core.susurro", "pk": 34, "fields": {"created_at": "2025-12-29T20:59:09.296Z", "updated_at": "2025-12-29T20:59:09.296Z", "is_active": true, "seccion": "tablet", "duracion": 4, "susurro": "Si reproduzco esto… nada volverá a ser igual.", "activado": true}}, {"model": "core.susurro", "pk": 35, "fields": {"created_at": "2025-12-29T20:59:09.297Z", "updated_at": "2025-12-29T20:59:09.297Z", "is_active": true, "seccion": "darkweb", "duracion": 4, "susurro": "Aquí la humanidad se vende sin vergüenza.", "activado": true}}, {"model": "core.susurro", "pk": 36, "fields": {"created_at": "2025-12-29T20:59:09.297Z", "updated_at": "2025-12-29T20:59:09.297Z", "is_active": true, "seccion": "darkweb", "duracion": 4, "susurro": "Este lugar existe porque demasiados miran hacia otro lado.", "activado": true}}, {"model": "core.susurro", "pk": 37, "fields": {"created_at": "2025-12-29T20:59:09.297Z", "updated_at": "2025-12-29T20:59:09.297Z", "is_active": true, "seccion": "darkweb", "duracion": 3, "susurro": "Todo aquí huele a abuso y silencio.", "activado": true}}, {"model": "core.susurro", "pk": 38, "fields": {"created_at": "2025-12-29T20:59:09.298Z", "updated_at": "2025-12-29T20:59:09.298Z", "is_active": true, "seccion": "darkweb", "duracion": 4, "susurro": "Monserrat nunca debió estar cerca de esto.", "activado": true}}, {"model": "core.susurro", "pk": 39, "fields": {"created_at": "2025-12-29T20:59:09.298Z", "updated_at": "2025-12-29T20:59:09.298Z", "is_active": true, "seccion": "darkweb", "duracion": 3, "susurro": "Entrar aquí fue perder otra parte de mí.", "activado": true}}, {"model": "core.susurro", "pk": 40, "fields": {"created_at": "2025-12-29T20:59:09.298Z", "updated_at": "2025-12-29T20:59:09.298Z", "is_active": true, "seccion": "cyborgs", "duracion": 3, "susurro": "No sienten… no sufren… no son ella.", "activado": true}}, {"model": "core.susurro", "pk": 41, "fields": {"created_at": "2025-12-29T20:59:09.299Z", "updated_at": "2025-12-29T20:59:09.299Z", "is_active": true, "seccion": "cyborgs", "duracion": 3, "susurro": "Las diseñaron para obedecer, no para vivir.", "activado": true}}, {"model": "core.susurro", "pk": 42, "fields": {"created_at": "2025-12-29T20:59:09.299Z", "updated_at": "2025-12-29T20:59:09.299Z", "is_active": true, "seccion": "cyborgs", "duracion": 2, "susurro": "Nada artificial puede reemplazarla.", "activado": true}}, {"model": "core.susurro", "pk": 43, "fields": {"created_at": "2025-12-29T20:59:09.299Z", "updated_at": "2025-12-29T20:59:09.299Z", "is_active": true, "seccion": "cyborgs", "duracion": 3, "susurro": "Aquí la ética murió primero.", "activado": true}}, {"model": "core.susurro", "pk": 44, "fields": {"created_at": "2025-12-29T20:59:09.300Z", "updated_at": "2025-12-29T20:59:09.300Z", "is_active": true, "seccion": "cyborgs", "duracion": 3, "susurro": "Esto nunca fue el problema real.", "activado": true}}, {"model": "core.susurro", "pk": 45, "fields": {"created_at": "2025-12-29T20:59:09.301Z", "updated_at": "2025-12-29T20:59:09.301Z", "is_active": true, "seccion": "ordenes", "duracion": 4, "susurro": "Yo también hice pedidos… y cargo con eso.", "activado": true}}, {"model": "core.susurro", "pk": 46, "fields": {"created_at": "2025-12-29T20:59:09.301Z", "updated_at": "2025-12-29T20:59:09.301Z", "is_active": true, "seccion": "ordenes", "duracion": 4, "susurro": "Fue la única forma de entrar.", "activado": true}}, {"model": "core.susurro", "pk": 47, "fields": {"created_at": "2025-12-29T20:59:09.302Z", "updated_at": "2025-12-29T20:59:09.302Z", "is_active": true, "seccion": "ordenes", "duracion": 3, "susurro": "Pedí para romper el sistema desde dentro.", "activado": true}}, {"model": "core.susurro", "pk": 48, "fields": {"created_at": "2025-12-29T20:59:09.303Z", "updated_at": "2025-12-29T20:59:09.303Z", "is_active": true, "seccion": "ordenes", "duracion": 4, "susurro": "Dos chicas salieron libres… al menos eso.", "activado": true}}, {"model": "core.susurro", "pk": 49, "fields": {"created_at": "2025-12-29T20:59:09.304Z", "updated_at": "2025-12-29T20:59:09.304Z", "is_active": true, "seccion": "ordenes", "duracion": 3, "susurro": "No todos mis actos fueron limpios.", "activado": true}}, {"model": "core.susurro", "pk": 50, "fields": {"created_at": "2025-12-29T20:59:09.304Z", "updated_at": "2025-12-29T20:59:09.304Z", "is_active": true, "seccion": "humanas", "duracion": 4, "susurro": "Aquí el horror ya no se disimula.", "activado": true}}, {"model": "core.susurro", "pk": 51, "fields": {"created_at": "2025-12-29T20:59:09.305Z", "updated_at": "2025-12-29T20:59:09.305Z", "is_active": true, "seccion": "humanas", "duracion": 4, "susurro": "Las venden como si fueran objetos.", "activado": true}}, {"model": "core.susurro", "pk": 52, "fields": {"created_at": "2025-12-29T20:59:09.305Z", "updated_at": "2025-12-29T20:59:09.305Z", "is_active": true, "seccion": "humanas", "duracion": 4, "susurro": "Cada rostro aquí grita en silencio.", "activado": true}}, {"model": "core.susurro", "pk": 53, "fields": {"created_at": "2025-12-29T20:59:09.306Z", "updated_at": "2025-12-29T20:59:09.306Z", "is_active": true, "seccion": "humanas", "duracion": 4, "susurro": "Esto es lo más podrido que he visto.", "activado": true}}, {"model": "core.susurro", "pk": 54, "fields": {"created_at": "2025-12-29T20:59:09.307Z", "updated_at": "2025-12-29T20:59:09.307Z", "is_active": true, "seccion": "humanas", "duracion": 4, "susurro": "Nadie debería existir en esta sección.", "activado": true}}, {"model": "core.susurro", "pk": 55, "fields": {"created_at": "2025-12-29T20:59:09.308Z", "updated_at": "2025-12-29T20:59:09.308Z", "is_active": true, "seccion": "linea_temporal", "duracion": 3, "susurro": "Aquí todo cobra un sentido cruel.", "activado": true}}, {"model": "core.susurro", "pk": 56, "fields": {"created_at": "2025-12-29T20:59:09.308Z", "updated_at": "2025-12-29T20:59:09.308Z", "is_active": true, "seccion": "linea_temporal", "duracion": 3, "susurro": "Cada evento empujó su destino un poco más.", "activado": true}}, {"model": "core.susurro", "pk": 57, "fields": {"created_at": "2025-12-29T20:59:09.309Z", "updated_at": "2025-12-29T20:59:09.309Z", "is_active": true, "seccion": "linea_temporal", "duracion": 4, "susurro": "Nada fue casual… nunca.", "activado": true}}, {"model": "core.susurro", "pk": 58, "fields": {"created_at": "2025-12-29T20:59:09.309Z", "updated_at": "2025-12-29T20:59:09.309Z", "is_active": true, "seccion": "linea_temporal", "duracion": 3, "susurro": "Puedo ver cuándo la perdí.", "activado": true}}, {"model": "core.susurro", "pk": 59, "fields": {"created_at": "2025-12-29T20:59:09.310Z", "updated_at": "2025-12-29T20:59:09.310Z", "is_active": true, "seccion": "linea_temporal", "duracion": 4, "susurro": "El tiempo siempre jugó en mi contra.", "activado": true}}, {"model": "core.susurro", "pk": 60, "fields": {"created_at": "2025-12-29T20:59:09.310Z", "updated_at": "2025-12-29T20:59:09.310Z", "is_active": true, "seccion": "murales", "duracion": 4, "susurro": "Todo está conectado… demasiado.", "activado": true}}, {"model": "core.susurro", "pk": 61, "fields": {"created_at": "2025-12-29T20:59:09.311Z", "updated_at": "2025-12-29T20:59:09.311Z", "is_active": true, "seccion": "murales", "duracion": 4, "susurro": "Estas fotos no debieron existir.", "activado": true}}, {"model": "core.susurro", "pk": 62, "fields": {"created_at": "2025-12-29T20:59:09.311Z", "updated_at": "2025-12-29T20:59:09.311Z", "is_active": true, "seccion": "murales", "duracion": 3, "susurro": "La mosca vio más de lo que imaginé.", "activado": true}}, {"model": "core.susurro", "pk": 63, "fields": {"created_at": "2025-12-29T20:59:09.311Z", "updated_at": "2025-12-29T20:59:09.311Z", "is_active": true, "seccion": "murales", "duracion": 4, "susurro": "Cada hilo lleva de vuelta a ella.", "activado": true}}, {"model": "core.susurro", "pk": 64, "fields": {"created_at": "2025-12-29T20:59:09.312Z", "updated_at": "2025-12-29T20:59:09.312Z", "is_active": true, "seccion": "murales", "duracion": 4, "susurro": "He convertido mi vida en un mapa obsesivo.", "activado": true}}, {"model": "core.susurro", "pk": 65, "fields": {"created_at": "2026-01-05T16:48:44.767Z", "updated_at": "2026-01-05T16:48:44.767Z", "is_active": true, "seccion": "paginabase", "duracion": 3, "susurro": "Este sitio es un laberinto de recuerdos rotos.", "activado": true}}, {"model": "core.susurro", "pk": 66, "fields": {"created_at": "2026-01-05T16:48:44.793Z", "updated_at": "2026-01-05T16:48:44.793Z", "is_active": true, "seccion": "paginabase", "duracion": 4, "susurro": "No hay salida, solo vuelvo al mismo dolor.", "activado": true}}, {"model": "core.susurro", "pk": 67, "fields": {"created_at": "2026-01-05T16:48:44.795Z", "updated_at": "2026-01-05T16:48:44.795Z", "is_active": true, "seccion": "paginabase", "duracion": 3, "susurro": "El fondo siempre es oscuro aquí.", "activado": true}}, {"model": "core.susurro", "pk": 68, "fields": {"created_at": "2026-01-05T16:48:44.797Z", "updated_at": "2026-01-05T16:48:44.797Z", "is_active": true, "seccion": "paginabase", "duracion": 5, "susurro": "Cada clic me aleja más de lo que fui.", "activado": true}}, {"model": "core.susurro", "pk": 69, "fields": {"created_at": "2026-01-05T16:48:44.799Z", "updated_at": "2026-01-05T16:48:44.799Z", "is_active": true, "seccion": "autenticacion", "duracion": 4, "susurro": "¿Quién soy yo después de todo esto?", "activado": true}}, {"model": "core.susurro", "pk": 70, "fields": {"created_at": "2026-01-05T16:48:44.801Z", "updated_at": "2026-01-05T16:48:44.801Z", "is_active": true, "seccion": "autenticacion", "duracion": 3, "susurro": "Acceso concedido al infierno.", "activado": true}}, {"model": "core.susurro", "pk": 71, "fields": {"created_at": "2026-01-05T16:48:44.803Z", "updated_at": "2026-01-05T16:48:44.803Z", "is_active": true, "seccion": "autenticacion", "duracion": 4, "susurro": "Mi identidad se perdió con ella.", "activado": true}}, {"model": "core.susurro", "pk": 72, "fields": {"created_at": "2026-01-05T16:48:44.808Z", "updated_at": "2026-01-05T16:48:44.808Z", "is_active": true, "seccion": "autenticacion", "duracion": 3, "susurro": "No hay contraseña que borre el pasado.", "activado": true}}, {"model": "core.susurro", "pk": 73, "fields": {"created_at": "2026-01-05T16:48:44.810Z", "updated_at": "2026-01-05T16:48:44.810Z", "is_active": true, "seccion": "bienvenida", "duracion": 3, "susurro": "Bienvenido a mi insomnio.", "activado": true}}, {"model": "core.susurro", "pk": 74, "fields": {"created_at": "2026-01-05T16:48:44.812Z", "updated_at": "2026-01-05T16:48:44.812Z", "is_active": true, "seccion": "bienvenida", "duracion": 4, "susurro": "Si entras, no saldrás igual.", "activado": true}}, {"model": "core.susurro", "pk": 75, "fields": {"created_at": "2026-01-05T16:48:44.814Z", "updated_at": "2026-01-05T16:48:44.814Z", "is_active": true, "seccion": "bienvenida", "duracion": 3, "susurro": "Aquí solo habita el eco de su voz.", "activado": true}}, {"model": "core.susurro", "pk": 76, "fields": {"created_at": "2026-01-05T16:48:44.815Z", "updated_at": "2026-01-05T16:48:44.815Z", "is_active": true, "seccion": "bienvenida", "duracion": 5, "susurro": "Hola... de nuevo a la soledad.", "activado": true}}, {"model": "core.susurro", "pk": 77, "fields": {"created_at": "2026-01-05T16:48:44.817Z", "updated_at": "2026-01-05T16:48:44.817Z", "is_active": true, "seccion": "movil", "duracion": 3, "susurro": "Llevo su ausencia en el bolsillo.", "activado": true}}, {"model": "core.susurro", "pk": 78, "fields": {"created_at": "2026-01-05T16:48:44.818Z", "updated_at": "2026-01-05T16:48:44.819Z", "is_active": true, "seccion": "movil", "duracion": 4, "susurro": "Pantalla pequeña para un dolor tan grande.", "activado": true}}, {"model": "core.susurro", "pk": 79, "fields": {"created_at": "2026-01-05T16:48:44.820Z", "updated_at": "2026-01-05T16:48:44.820Z", "is_active": true, "seccion": "movil", "duracion": 3, "susurro": "Siempre conectado a su recuerdo.", "activado": true}}, {"model": "core.susurro", "pk": 80, "fields": {"created_at": "2026-01-05T16:48:44.822Z", "updated_at": "2026-01-05T16:48:44.822Z", "is_active": true, "seccion": "movil", "duracion": 4, "susurro": "Vibraciones fantasmas... creo que es ella.", "activado": true}}, {"model": "core.susurro", "pk": 81, "fields": {"created_at": "2026-01-05T16:48:44.823Z", "updated_at": "2026-01-05T16:48:44.823Z", "is_active": true, "seccion": "pistas", "duracion": 4, "susurro": "Fragmentos que cortan al tocarlos.", "activado": true}}, {"model": "core.susurro", "pk": 82, "fields": {"created_at": "2026-01-05T16:48:44.824Z", "updated_at": "2026-01-05T16:48:44.824Z", "is_active": true, "seccion": "pistas", "duracion": 3, "susurro": "¿Verdad o trampa? Ya no distingo.", "activado": true}}, {"model": "core.susurro", "pk": 83, "fields": {"created_at": "2026-01-05T16:48:44.826Z", "updated_at": "2026-01-05T16:48:44.826Z", "is_active": true, "seccion": "pistas", "duracion": 4, "susurro": "Seguir el rastro me destruye.", "activado": true}}, {"model": "core.susurro", "pk": 84, "fields": {"created_at": "2026-01-05T16:48:44.827Z", "updated_at": "2026-01-05T16:48:44.827Z", "is_active": true, "seccion": "pistas", "duracion": 5, "susurro": "Cada pista es una herida abierta.", "activado": true}}, {"model": "core.susurro", "pk": 85, "fields": {"created_at": "2026-01-05T16:48:44.828Z", "updated_at": "2026-01-05T16:48:44.828Z", "is_active": true, "seccion": "laptop", "duracion": 4, "susurro": "Teclas frías... como su adiós.", "activado": true}}, {"model": "core.susurro", "pk": 86, "fields": {"created_at": "2026-01-05T16:48:44.830Z", "updated_at": "2026-01-05T16:48:44.830Z", "is_active": true, "seccion": "laptop", "duracion": 3, "susurro": "La luz de esta pantalla no calienta.", "activado": true}}, {"model": "core.susurro", "pk": 87, "fields": {"created_at": "2026-01-05T16:48:44.831Z", "updated_at": "2026-01-05T16:48:44.831Z", "is_active": true, "seccion": "laptop", "duracion": 4, "susurro": "Archivos corruptos, igual que mi memoria.", "activado": true}}, {"model": "core.susurro", "pk": 88, "fields": {"created_at": "2026-01-05T16:48:44.833Z", "updated_at": "2026-01-05T16:48:44.833Z", "is_active": true, "seccion": "laptop", "duracion": 3, "susurro": "Escribo para no olvidar... o para morir.", "activado": true}}]